iter	MultiClass
0	1.599970397
1	1.590198452
2	1.580259181
3	1.571299531
4	1.562062393
5	1.553416604
6	1.546673377
7	1.535412127
8	1.526350492
9	1.517841117
10	1.507761848
